{"cameraMode":{"drawMode":0,"name":"Shaded","section":"Shading Mode"},"sceneLighting":false,"audioPlay":false,"sceneViewState":{"showFog":true,"showMaterialUpdate":false,"showSkybox":true,"showFlares":true,"showImageEffects":true,"showParticleSystems":true},"in2DMode":false,"pivot":{"x":-0.3085615634918213,"y":0.3202275037765503,"z":0.5724081993103027},"rotation":{"x":-0.21309280395507813,"y":0.292794406414032,"z":-0.06710894405841828,"w":-0.929709255695343},"size":3.157883882522583,"orthographic":false}